view,n,tp,tn,fp,fn,acc,prec,rec,f1
forniceal_palpebral,150,0,76,0,74,0.5066666666666667,0,0.0,0
palpebral,155,0,79,0,76,0.5096774193548387,0,0.0,0
