country,view,n,tp,tn,fp,fn,acc,prec,rec,f1
India,forniceal_palpebral,63,5,24,8,26,0.4603174603174603,0.38461538461538464,0.16129032258064516,0.22727272727272727
India,palpebral,63,11,20,12,20,0.49206349206349204,0.4782608695652174,0.3548387096774194,0.40740740740740744
Italy,forniceal_palpebral,87,9,32,12,34,0.47126436781609193,0.42857142857142855,0.20930232558139536,0.28125000000000006
Italy,palpebral,92,12,29,18,33,0.44565217391304346,0.4,0.26666666666666666,0.32
