country,view,n,tp,tn,fp,fn,acc,prec,rec,f1
India,forniceal_palpebral,63,0,32,0,31,0.5079365079365079,0.0,0.0,0.0
India,palpebral,63,0,31,1,31,0.49206349206349204,0.0,0.0,0.0
Italy,forniceal_palpebral,87,2,34,10,41,0.41379310344827586,0.16666666666666666,0.046511627906976744,0.07272727272727272
Italy,palpebral,92,2,39,8,43,0.44565217391304346,0.2,0.044444444444444446,0.07272727272727272
