country,n,tp,tn,fp,fn,acc,prec,rec,f1
India,126,16,44,20,46,0.47619047619047616,0.4444444444444444,0.25806451612903225,0.32653061224489793
Italy,179,21,61,30,67,0.4581005586592179,0.4117647058823529,0.23863636363636365,0.302158273381295
