view,n,tp,tn,fp,fn,acc,prec,rec,f1
forniceal_palpebral,150,14,56,20,60,0.4666666666666667,0.4117647058823529,0.1891891891891892,0.2592592592592593
palpebral,155,23,49,30,53,0.4645161290322581,0.4339622641509434,0.3026315789473684,0.3565891472868217
