country,n,tp,tn,fp,fn,acc,prec,rec,f1
India,126,0,64,0,62,0.5079365079365079,0,0.0,0
Italy,179,0,91,0,88,0.5083798882681564,0,0.0,0
