view,n,tp,tn,fp,fn,acc,prec,rec,f1
forniceal_palpebral,150,2,66,10,72,0.4533333333333333,0.16666666666666666,0.02702702702702703,0.046511627906976744
palpebral,155,2,70,9,74,0.4645161290322581,0.18181818181818182,0.02631578947368421,0.04597701149425287
