country,n,tp,tn,fp,fn,acc,prec,rec,f1
India,126,0,63,1,62,0.5,0.0,0.0,0.0
Italy,179,4,73,18,84,0.4301675977653631,0.18181818181818182,0.045454545454545456,0.07272727272727272
